Title,Runtime,ReleaseDate,Rating,DomesticTotalGross,Director,Budget
The Dark Knight,150,2008-07-18 00:00:00,PG-13,533345358,Christopher Nolan,185000000
Iron Man,126,2008-05-02 00:00:00,PG-13,318412101,Jon Favreau,140000000
Indiana Jones and the Kingdom of the Crystal Skull,120,2008-05-22 00:00:00,PG-13,317101119,Steven Spielberg,185000000
Hancock,92,2008-07-02 00:00:00,PG-13,227946274,Peter Berg,150000000
WALL-E,97,2008-06-27 00:00:00,G,223808164,Andrew Stanton,180000000
Kung Fu Panda,91,2008-06-06 00:00:00,PG,215434591,,130000000
Twilight,120,2008-11-21 00:00:00,PG-13,192769854,Catherine Hardwicke,37000000
Madagascar: Escape 2 Africa,89,2008-11-07 00:00:00,PG,180010950,Eric DarnellTom McGrath,150000000
Quantum of Solace,106,2008-11-14 00:00:00,PG-13,168368427,Marc Forster,200000000
Dr. Seuss' Horton Hears a Who!,88,2008-03-14 00:00:00,G,154529439,Jimmy Hayward,85000000
Sex and the City,135,2008-05-30 00:00:00,R,152647258,Michael Patrick King,65000000
Gran Torino,116,2008-12-12 00:00:00,R,148095302,Clint Eastwood,33000000
Mamma Mia!,108,2008-07-18 00:00:00,PG-13,144130063,,52000000
Marley and Me,120,2008-12-25 00:00:00,PG,143153751,David Frankel,
The Chronicles of Narnia: Prince Caspian,140,2008-05-16 00:00:00,PG,141621490,Andrew Adamson,225000000
Slumdog Millionaire,120,2008-11-12 00:00:00,R,141319928,Danny Boyle,15000000
The Incredible Hulk,114,2008-06-13 00:00:00,PG-13,134806913,Louis Leterrier,150000000
Wanted,108,2008-06-27 00:00:00,R,134508551,Timur Bekmambetov,75000000
Get Smart,110,2008-06-20 00:00:00,PG-13,130319208,Peter Segal,80000000
The Curious Case of Benjamin Button,168,2008-12-25 00:00:00,PG-13,127509326,David Fincher,150000000
Four Christmases,82,2008-11-26 00:00:00,PG-13,120146040,Seth Gordon,80000000
Bolt,96,2008-11-21 00:00:00,PG,114053579,,150000000
Tropic Thunder,107,2008-08-13 00:00:00,R,110515313,Ben Stiller,92000000
Bedtime Stories,95,2008-12-25 00:00:00,PG,110101975,Adam Shankman,80000000
The Mummy: Tomb of the Dragon Emperor,114,2008-08-01 00:00:00,PG-13,102491776,Rob Cohen,145000000
Journey to the Center of the Earth,92,2008-07-11 00:00:00,PG,101704370,,60000000
Eagle Eye,118,2008-09-26 00:00:00,PG-13,101440743,D.J. Caruso,80000000
Step Brothers,95,2008-07-25 00:00:00,R,100468793,Adam McKay,65000000
You Don't Mess with the Zohan,113,2008-06-06 00:00:00,PG-13,100018837,Dennis Dugan,90000000
Yes Man,104,2008-12-19 00:00:00,PG-13,97690976,Peyton Reed,70000000
"10,000 B.C.",109,2008-03-07 00:00:00,PG-13,94784201,Roland Emmerich,105000000
Beverly Hills Chihuahua,85,2008-10-03 00:00:00,PG,94514402,Raja Gosnell,
High School Musical 3: Senior Year,100,2008-10-24 00:00:00,G,90559416,Kenny Ortega,11000000
Pineapple Express,105,2008-08-06 00:00:00,R,87341380,David Gordon Green,27000000
Valkyrie,120,2008-12-25 00:00:00,PG-13,83077833,Bryan Singer,75000000
21,123,2008-03-28 00:00:00,PG-13,81159365,Robert Luketic,35000000
What Happens in Vegas,99,2008-05-09 00:00:00,PG-13,80277646,Tom Vaughan,35000000
Jumper,90,2008-02-14 00:00:00,PG-13,80172128,Doug Liman,85000000
Cloverfield,84,2008-01-18 00:00:00,PG-13,80048433,Matt Reeves,25000000
The Day the Earth Stood Still,110,2008-12-12 00:00:00,PG-13,79366978,Scott Derrickson,80000000
27 Dresses,107,2008-01-18 00:00:00,PG-13,76808654,Anne Fletcher,30000000
Hellboy II: The Golden Army,110,2008-07-11 00:00:00,PG-13,75986503,Guillermo del Toro,85000000
Vantage Point,90,2008-02-22 00:00:00,PG-13,72266306,Pete Travis,40000000
The Spiderwick Chronicles,97,2008-02-14 00:00:00,PG,71195053,Mark S. Waters,90000000
Fool's Gold,110,2008-02-08 00:00:00,PG-13,70231041,Andy Tennant,70000000
Seven Pounds,118,2008-12-19 00:00:00,PG-13,69951824,Gabriele Muccino,55000000
Role Models,95,2008-11-07 00:00:00,R,67294270,David Wain,28000000
Hannah Montana/Miley Cyrus: Best of Both Worlds Concert Tour,74,2008-02-01 00:00:00,G,65281781,,
The Happening,91,2008-06-13 00:00:00,R,64506874,M. Night Shyamalan,48000000
Forgetting Sarah Marshall,111,2008-04-18 00:00:00,R,63172463,Nick Stoller,30000000
Baby Mama,96,2008-04-25 00:00:00,PG-13,60494212,Michael McCullers,30000000
Burn After Reading,97,2008-09-12 00:00:00,R,60355347,Ethan CoenJoel Coen,37000000
Step Up 2 the Streets,98,2008-02-14 00:00:00,PG-13,58017783,Jon Chu,
Saw V,88,2008-10-24 00:00:00,R,56746769,David Hackl,10800000
The Strangers,107,2008-05-30 00:00:00,R,52597610,,9000000
The Forbidden Kingdom,113,2008-04-18 00:00:00,PG-13,52075270,Rob Minkoff,
The Tale of Despereaux,87,2008-12-19 00:00:00,G,50877145,Sam Fell,60000000
Australia,165,2008-11-26 00:00:00,PG-13,49554002,Baz Luhrmann,130000000
The House Bunny,94,2008-08-22 00:00:00,PG-13,48237389,Fred Wolf,25000000
Nim's Island,95,2008-04-04 00:00:00,PG,48006762,,37000000
Made of Honor,101,2008-05-02 00:00:00,PG-13,46012734,,40000000
College Road Trip,83,2008-03-07 00:00:00,G,45610425,Roger Kumble,
The Sisterhood of the Traveling Pants 2,117,2008-08-06 00:00:00,PG-13,44089964,,27000000
Speed Racer,135,2008-05-09 00:00:00,PG,43945766,Andy & Lana Wachowski,120000000
Prom Night,88,2008-04-11 00:00:00,PG-13,43869350,,20000000
Rambo,93,2008-01-25 00:00:00,R,42754105,Sylvester Stallone,50000000
Welcome Home Roscoe Jenkins,114,2008-02-08 00:00:00,PG-13,42436517,Malcolm D. Lee,35000000
Tyler Perry's Meet the Browns,100,2008-03-21 00:00:00,PG-13,41975388,Tyler Perry,
Nights in Rodanthe,97,2008-09-26 00:00:00,PG-13,41850659,,
Max Payne,100,2008-10-17 00:00:00,PG-13,40689393,John Moore,35000000
Righteous Kill,101,2008-09-12 00:00:00,R,40081410,Jon Avnet,60000000
Body of Lies,128,2008-10-10 00:00:00,R,39394666,Ridley Scott,70000000
Lakeview Terrace,110,2008-09-19 00:00:00,PG-13,39263506,Neil LaBute,20000000
Meet the Spartans,84,2008-01-25 00:00:00,PG-13,38233676,Jason FriedbergAaron Seltzer,
Harold and Kumar Escape from Guantanamo Bay,102,2008-04-25 00:00:00,R,38108728,Jon HurwitzHayden Schlossberg,12000000
First Sunday,96,2008-01-11 00:00:00,PG-13,37931869,David E. Talbert,
The Secret Life of Bees,110,2008-10-17 00:00:00,PG-13,37770162,Gina Prince-Bythewood,11000000
Tyler Perry's The Family That Preys,111,2008-09-12 00:00:00,PG-13,37105289,Tyler Perry,
Death Race,89,2008-08-22 00:00:00,R,36316032,Paul W.S. Anderson,45000000
Changeling,140,2008-10-24 00:00:00,R,35739802,Clint Eastwood,55000000
Star Wars: The Clone Wars,98,2008-08-15 00:00:00,PG,35161554,,
The Reader,122,2008-12-10 00:00:00,R,34194407,Stephen Daldry,32000000
Semi-Pro,90,2008-02-29 00:00:00,R,33479698,,
Fireproof,122,2008-09-26 00:00:00,PG,33456317,Alex Kendrick,500000
Doubt,104,2008-12-12 00:00:00,PG-13,33446470,,20000000
Drillbit Taylor,102,2008-03-21 00:00:00,PG-13,32862104,Steven Brill,
"Definitely, Maybe",105,2008-02-14 00:00:00,PG-13,32241649,Adam Brooks,
The Love Guru,88,2008-06-20 00:00:00,PG-13,32235793,,62000000
Milk,128,2008-11-26 00:00:00,R,31841299,Gus Van Sant,20000000
Transporter 3,100,2008-11-26 00:00:00,PG-13,31715062,Olivier Megaton,
Quarantine,89,2008-10-10 00:00:00,R,31691811,John Erick Dowdle,12000000
Nick and Norah's Infinite Playlist,90,2008-10-03 00:00:00,PG-13,31487293,,10000000
Zack and Miri Make a Porno,101,2008-10-31 00:00:00,R,31457946,Kevin Smith,24000000
The Eye,97,2008-02-01 00:00:00,PG-13,31418697,David MoreauXavier Palud,
Leatherheads,114,2008-04-04 00:00:00,PG-13,31373938,George Clooney,58000000
Mirrors,110,2008-08-15 00:00:00,R,30691439,Alexandre Aja,
Space Chimps,81,2008-07-18 00:00:00,G,30105968,Kirk De Micco,37000000
The Bank Job,110,2008-03-07 00:00:00,R,30060660,Roger Donaldson,
Untraceable,101,2008-01-25 00:00:00,R,28687835,Gregory Hoblit,35000000
Defiance,137,2008-12-31 00:00:00,R,28644813,Edward Zwick,32000000
Avatar,160,2009-12-18 00:00:00,PG-13,749766139,James Cameron,
Transformers: Revenge of the Fallen,144,2009-06-24 00:00:00,PG-13,402111870,Michael Bay,200000000
Harry Potter and the Half-Blood Prince,153,2009-07-15 00:00:00,PG,301959197,David Yates,250000000
The Twilight Saga: New Moon,130,2009-11-20 00:00:00,PG-13,296623634,Chris Weitz,50000000
Up,96,2009-05-29 00:00:00,PG,293004164,Pete DocterBob Peterson,175000000
The Hangover,96,2009-06-05 00:00:00,R,277322503,Todd Phillips,35000000
Star Trek,126,2009-05-08 00:00:00,PG-13,257730019,J.J. Abrams,150000000
The Blind Side,126,2009-11-20 00:00:00,PG-13,255959475,John Lee Hancock,29000000
Alvin and the Chipmunks: The Squeakquel,88,2009-12-23 00:00:00,PG,219614612,Betty Thomas,75000000
Sherlock Holmes,134,2009-12-25 00:00:00,PG-13,209028679,Guy Ritchie,90000000
Monsters Vs. Aliens,94,2009-03-27 00:00:00,PG,198351526,Rob LettermanConrad Vernon,175000000
Ice Age: Dawn of the Dinosaurs,87,2009-07-01 00:00:00,PG,196573705,Carlos Saldanha,90000000
X-Men Origins: Wolverine,107,2009-05-01 00:00:00,PG-13,179883157,Gavin Hood,150000000
Night at the Museum: Battle of the Smithsonian,105,2009-05-22 00:00:00,PG,177243721,Shawn Levy,150000000
2012,158,2009-11-13 00:00:00,PG-13,166112167,Roland Emmerich,200000000
The Proposal,108,2009-06-19 00:00:00,PG-13,163958031,Anne Fletcher,40000000
Fast and Furious,99,2009-04-03 00:00:00,PG-13,155064265,Justin Lin,85000000
G.I. Joe: The Rise of Cobra,118,2009-08-07 00:00:00,PG-13,150201498,Stephen Sommers,175000000
Paul Blart: Mall Cop,87,2009-01-16 00:00:00,PG,146336178,Steve Carr,26000000
Taken,93,2009-01-30 00:00:00,PG-13,145000989,Pierre Morel,25000000
A Christmas Carol,96,2009-11-06 00:00:00,PG,137855863,Robert Zemeckis,200000000
Angels & Demons,140,2009-05-15 00:00:00,PG-13,133375846,Ron Howard,150000000
Terminator Salvation,114,2009-05-21 00:00:00,PG-13,125322469,McG,200000000
Cloudy with a Chance of Meatballs,81,2009-09-18 00:00:00,PG,124870275,Phil LordChris Miller (II),100000000
Inglourious Basterds,152,2009-08-21 00:00:00,R,120540719,Quentin Tarantino,70000000
G-Force,90,2009-07-24 00:00:00,PG,119436770,,150000000
District 9,113,2009-08-14 00:00:00,R,115646235,Neill Blomkamp,30000000
It's Complicated,118,2009-12-25 00:00:00,R,112735375,Nancy Meyers,85000000
Couples Retreat,107,2009-10-09 00:00:00,PG-13,109204945,,70000000
Paranormal Activity,99,2009-09-25 00:00:00,R,107918810,Oren Peli,15000
Watchmen,163,2009-03-06 00:00:00,R,107509799,Zack Snyder,130000000
The Princess and the Frog,95,2009-11-25 00:00:00,G,104400899,Ron ClementsJohn Musker,105000000
Public Enemies,143,2009-07-01 00:00:00,R,97104620,Michael Mann,100000000
Julie & Julia,123,2009-08-07 00:00:00,PG-13,94125426,Nora Ephron,40000000
He's Just Not That Into You,129,2009-02-06 00:00:00,PG-13,93953653,Ken Kwapis,
Tyler Perry's Madea Goes to Jail,103,2009-02-20 00:00:00,PG-13,90508336,Tyler Perry,
The Ugly Truth,96,2009-07-24 00:00:00,R,88915214,Robert Luketic,38000000
Up in the Air,109,2009-12-04 00:00:00,R,83823381,Jason Reitman,25000000
Knowing,122,2009-03-20 00:00:00,PG-13,79957634,Alex Proyas,50000000
Hannah Montana The Movie,92,2009-04-10 00:00:00,G,79576189,Peter Chelsom,
Where the Wild Things Are,94,2009-10-16 00:00:00,PG,77233467,Spike Jonze,100000000
Zombieland,81,2009-10-02 00:00:00,R,75590286,Ruben Fleischer,23600000
Coraline,100,2009-02-06 00:00:00,PG,75286229,Henry Selick,60000000
Law Abiding Citizen,108,2009-10-16 00:00:00,R,73357727,F. Gary Gray,50000000
Hotel for Dogs,100,2009-01-16 00:00:00,PG,73034460,Thor Freudenthal,
Michael Jackson's This Is It,121,2009-10-28 00:00:00,PG,72091016,Kenny Ortega,
"I Love You, Man",110,2009-03-20 00:00:00,R,71440011,John Hamburg,
Obsessed,105,2009-04-24 00:00:00,PG-13,68261644,,20000000
Race to Witch Mountain,99,2009-03-13 00:00:00,PG,67172594,Andy Fickman,
The Final Destination,82,2009-08-28 00:00:00,R,66477700,David R. Ellis,40000000
The Taking of Pelham 1 2 3,121,2009-06-12 00:00:00,R,65452312,Tony Scott,100000000
Friday the 13th,95,2009-02-13 00:00:00,R,65002019,Marcus Nispel,19000000
17 Again,102,2009-04-17 00:00:00,PG-13,64167069,Burr Steers,
The Time Traveler's Wife,108,2009-08-14 00:00:00,PG-13,63414846,Robert Schwentke,39000000
Bruno,88,2009-07-10 00:00:00,R,60054530,Larry Charles,
Bride Wars,90,2009-01-09 00:00:00,PG,58715510,Gary Winick,30000000
The Haunting in Connecticut,92,2009-03-27 00:00:00,PG-13,55389516,,
Ghosts of Girlfriends Past,100,2009-05-01 00:00:00,PG-13,55250026,Mark S. Waters,
Funny People,136,2009-07-31 00:00:00,R,51855045,Judd Apatow,75000000
Tyler Perry's I Can Do Bad All By Myself,113,2009-09-11 00:00:00,PG-13,51733921,Tyler Perry,
My Bloody Valentine 3-D,101,2009-01-16 00:00:00,R,51545952,Patrick Lussier,15000000
Old Dogs,88,2009-11-25 00:00:00,PG,49492060,Walter Becker,35000000
Land of the Lost,93,2009-06-05 00:00:00,PG-13,49438370,Brad Silberling,100000000
My Sister's Keeper,106,2009-06-26 00:00:00,PG-13,49200230,Nick Cassavetes,30000000
"Precious: Based on the Novel ""Push"" by Sapphire",109,2009-11-06 00:00:00,R,47566524,Lee Daniels,10000000
Underworld: Rise of the Lycans,92,2009-01-23 00:00:00,R,45802315,,35000000
Confessions of a Shopaholic,112,2009-02-13 00:00:00,PG,44277350,P.J. Hogan,
The Lovely Bones,135,2009-12-11 00:00:00,PG-13,44114232,Peter Jackson,65000000
Year One,100,2009-06-19 00:00:00,PG-13,43337279,Harold Ramis,60000000
The Unborn,88,2009-01-09 00:00:00,PG-13,42670410,David S. Goyer,16000000
Planet 51,91,2009-11-20 00:00:00,PG,42194060,,70000000
Drag Me to Hell,99,2009-05-29 00:00:00,PG-13,42100625,Sam Raimi,30000000
Orphan,123,2009-07-24 00:00:00,R,41596251,Jaume Collet-Serra,
Duplicity,125,2009-03-20 00:00:00,PG-13,40572825,Tony Gilroy,60000000
Crazy Heart,111,2009-12-16 00:00:00,R,39464306,Scott Cooper,7000000
Surrogates,89,2009-09-25 00:00:00,PG-13,38577772,Jonathan Mostow,80000000
Ninja Assassin,99,2009-11-25 00:00:00,R,38122883,James McTeigue,40000000
Invictus,132,2009-12-11 00:00:00,PG-13,37491364,Clint Eastwood,60000000
State of Play,118,2009-04-17 00:00:00,PG-13,37017955,Kevin Macdonald,
Notorious,122,2009-01-16 00:00:00,R,36843682,"George Tillman, Jr.",20000000
The Pink Panther 2,92,2009-02-06 00:00:00,PG,35922978,Harald Zwart,70000000
All About Steve,99,2009-09-04 00:00:00,PG-13,33862903,,
Halloween II,101,2009-08-28 00:00:00,R,33392973,Rob Zombie,15000000
The Informant!,108,2009-09-18 00:00:00,R,33316821,Steven Soderbergh,22000000
Under the Sea 3D,40,2009-02-13 00:00:00,G,,,
The Last House on the Left,109,2009-03-13 00:00:00,R,32752215,Dennis Iliadis,
The Men Who Stare at Goats,90,2009-11-06 00:00:00,R,32428195,,25000000
,95,2009-07-17 00:00:00,PG-13,32391374,Marc Webb,7500000
Earth,90,2009-04-22 00:00:00,G,32011576,,
Push,111,2009-02-06 00:00:00,PG-13,31811527,,38000000
9,79,2009-09-09 00:00:00,PG-13,31749894,,30000000
The Soloist,109,2009-04-24 00:00:00,PG-13,31720158,Joe Wright,
Toy Story / Toy Story 2,169,2009-10-02 00:00:00,G,30702446,,
Did You Hear About the Morgans?,103,2009-12-18 00:00:00,PG-13,29580087,,58000000
The Stepfather,101,2009-10-16 00:00:00,PG-13,29062561,,20000000
The Uninvited,87,2009-01-30 00:00:00,PG-13,28596818,,
Brothers,110,2009-12-04 00:00:00,R,28544157,Jim Sheridan,26000000
Saw VI,120,2009-10-23 00:00:00,R,27693292,,11000000
Dance Flick,83,2009-05-22 00:00:00,PG-13,25662155,,25000000
The Fourth Kind,98,2009-11-06 00:00:00,PG-13,25486040,,
Toy Story 3,103,2010-06-18 00:00:00,G,415004880,Lee Unkrich,200000000
Alice in Wonderland,109,2010-03-05 00:00:00,PG,334191110,Tim Burton,200000000
Iron Man 2,125,2010-05-07 00:00:00,PG-13,312433331,Jon Favreau,200000000
The Twilight Saga: Eclipse,124,2010-06-30 00:00:00,PG-13,300531751,David Slade,68000000
Harry Potter and the Deathly Hallows Part 1,150,2010-11-19 00:00:00,PG-13,295983305,David Yates,
Inception,148,2010-07-16 00:00:00,PG-13,292576195,Christopher Nolan,160000000
Despicable Me,95,2010-07-09 00:00:00,PG,251513985,Pierre CoffinChris Renaud,69000000
Shrek Forever After,93,2010-05-21 00:00:00,PG,238736787,Mike Mitchell,165000000
How to Train Your Dragon,98,2010-03-26 00:00:00,PG,217581231,Dean DeBloisChris Sanders,165000000
Tangled,100,2010-11-24 00:00:00,PG,200821936,Nathan GrenoByron Howard,260000000
The Karate Kid,140,2010-06-11 00:00:00,PG,176591618,Harald Zwart,40000000
Tron Legacy,125,2010-12-17 00:00:00,PG,172062763,Joseph Kosinski,170000000
True Grit,110,2010-12-22 00:00:00,PG-13,171243005,Ethan CoenJoel Coen,38000000
Clash of the Titans,118,2010-04-02 00:00:00,PG-13,163214888,Louis Leterrier,125000000
Grown Ups,102,2010-06-25 00:00:00,PG-13,162001186,Dennis Dugan,80000000
Little Fockers,98,2010-12-22 00:00:00,PG-13,148438600,Paul Weitz,100000000
Megamind,96,2010-11-05 00:00:00,PG,148415853,Tom McGrath,130000000
The King's Speech,118,2010-11-26 00:00:00,R,135453143,Tom Hooper,15000000
The Last Airbender,103,2010-07-01 00:00:00,PG,131772187,M. Night Shyamalan,150000000
Shutter Island,138,2010-02-19 00:00:00,R,128012934,Martin Scorsese,80000000
The Other Guys,107,2010-08-06 00:00:00,PG-13,119219978,Adam McKay,100000000
Salt,99,2010-07-23 00:00:00,PG-13,118311368,Phillip Noyce,110000000
Jackass 3-D,94,2010-10-15 00:00:00,R,117229692,Jeff Tremaine,20000000
Valentine's Day,117,2010-02-12 00:00:00,PG-13,110485654,Garry Marshall,52000000
Black Swan,103,2010-12-03 00:00:00,R,106954678,Darren Aronofsky,13000000
Robin Hood,148,2010-05-14 00:00:00,PG-13,105269730,Ridley Scott,200000000
The Chronicles of Narnia: The Voyage of the Dawn Treader,112,2010-12-10 00:00:00,PG,104386950,Michael Apted,155000000
The Expendables,103,2010-08-13 00:00:00,R,103068524,Sylvester Stallone,80000000
Due Date,95,2010-11-05 00:00:00,R,100539043,Todd Phillips,65000000
Yogi Bear,82,2010-12-17 00:00:00,PG,100246011,,80000000
Date Night,88,2010-04-09 00:00:00,PG-13,98711404,Shawn Levy,55000000
The Social Network,120,2010-10-01 00:00:00,PG-13,96962694,David Fincher,40000000
Sex and the City 2,147,2010-05-27 00:00:00,R,95347692,Michael Patrick King,100000000
The Book of Eli,118,2010-01-15 00:00:00,R,94835059,Albert HughesAllen Hughes,80000000
The Fighter,114,2010-12-10 00:00:00,R,93617009,David O. Russell,25000000
The Town,123,2010-09-17 00:00:00,R,92186262,Ben Affleck,37000000
Prince of Persia: The Sands of Time,115,2010-05-28 00:00:00,PG-13,90759676,Mike Newell,200000000
Red,111,2010-10-15 00:00:00,PG-13,90380162,Robert Schwentke,58000000
Percy Jackson & The Olympians: The Lightning Thief,120,2010-02-12 00:00:00,PG,88768303,Chris Columbus,95000000
Paranormal Activity 2,91,2010-10-22 00:00:00,R,84752907,Tod Williams,3000000
Unstoppable,98,2010-11-12 00:00:00,PG-13,81562942,Tony Scott,100000000
Eat Pray Love,133,2010-08-13 00:00:00,PG-13,80574010,Ryan Murphy,60000000
Dear John,108,2010-02-05 00:00:00,PG-13,80014842,Lasse Hallstrom,25000000
The A-Team,117,2010-06-11 00:00:00,PG-13,77222099,Joe Carnahan,110000000
Knight & Day,130,2010-06-23 00:00:00,PG-13,76423035,James Mangold,117000000
Dinner for Schmucks,110,2010-07-30 00:00:00,PG-13,73026337,Jay Roach,69000000
The Tourist,103,2010-12-10 00:00:00,PG-13,67631157,Florian Henckel von Donnersmarck,100000000
The Bounty Hunter,106,2010-03-19 00:00:00,PG-13,67061228,Andy Tennant,40000000
Diary of a Wimpy Kid,120,2010-03-19 00:00:00,PG,64003625,Thor Freudenthal,15000000
The Sorcerer's Apprentice,111,2010-07-14 00:00:00,PG,63150991,Jon Turteltaub,150000000
A Nightmare on Elm Street,90,2010-04-30 00:00:00,R,63075011,,35000000
The Last Song,107,2010-03-31 00:00:00,PG,62950384,Julie Anne Robinson,20000000
The Wolfman,102,2010-02-12 00:00:00,R,61979680,Joe Johnston,150000000
Get Him to the Greek,109,2010-06-04 00:00:00,R,60974475,Nick Stoller,40000000
Resident Evil: Afterlife,100,2010-09-10 00:00:00,R,60128566,Paul W.S. Anderson,60000000
Tyler Perry's Why Did I Get Married Too?,121,2010-04-02 00:00:00,PG-13,60095852,Tyler Perry,20000000
Tooth Fairy,102,2010-01-22 00:00:00,PG,60022256,Michael Lembeck,48000000
Secretariat,116,2010-10-08 00:00:00,PG,59713955,Randall Wallace,35000000
Easy A,92,2010-09-17 00:00:00,PG-13,58401464,Will Gluck,8000000
Takers,107,2010-08-27 00:00:00,PG-13,57744720,John Luessenhop,32000000
Legend of the Guardians: The Owls of Ga'Hoole,90,2010-09-24 00:00:00,PG,55675313,Zack Snyder,80000000
Life as We Know It,112,2010-10-08 00:00:00,PG-13,53374681,Greg Berlanti,38000000
Letters to Juliet,105,2010-05-14 00:00:00,PG,53032453,Gary Winick,30000000
Wall Street: Money Never Sleeps,127,2010-09-24 00:00:00,PG-13,52474616,Oliver Stone,70000000
Hot Tub Time Machine,100,2010-03-26 00:00:00,R,50287556,Steve Pink,36000000
Kick-Ass,117,2010-04-16 00:00:00,R,48071303,Matthew Vaughn,30000000
Killers,100,2010-06-04 00:00:00,PG-13,47059963,Robert Luketic,75000000
Saw 3D,91,2010-10-29 00:00:00,R,45710178,,20000000
Hubble 3D,43,2010-03-19 00:00:00,G,,,
Cop Out,110,2010-02-26 00:00:00,R,44875481,Kevin Smith,30000000
Cats & Dogs: The Revenge of Kitty Galore,82,2010-07-30 00:00:00,PG,43585753,Brad Peyton,85000000
Edge of Darkness,108,2010-01-29 00:00:00,R,43313890,Martin Campbell,80000000
Gulliver's Travels,85,2010-12-25 00:00:00,PG,42779261,Rob Letterman,112000000
Death at a Funeral,90,2010-04-16 00:00:00,R,42739347,Neil LaBute,21000000
Step Up 3-D,97,2010-08-06 00:00:00,PG-13,42400223,Jon Chu,30000000
The Last Exorcism,100,2010-08-27 00:00:00,PG-13,41034350,Daniel Stamm,1800000
Legion,100,2010-01-22 00:00:00,R,40168080,Scott Charles Stewart,26000000
Burlesque,100,2010-11-24 00:00:00,PG-13,39440655,Steven Antin,55000000
The Crazies,101,2010-02-26 00:00:00,R,39123589,Breck Eisner,20000000
For Colored Girls,120,2010-11-05 00:00:00,R,37729698,Tyler Perry,21000000
The Back-Up Plan,98,2010-04-23 00:00:00,PG-13,37490007,,35000000
Vampires Suck,80,2010-08-18 00:00:00,PG-13,36661504,Jason FriedbergAaron Seltzer,20000000
The American,105,2010-09-01 00:00:00,R,35606376,Anton Corbijn,20000000
Green Zone,115,2010-03-12 00:00:00,R,35053660,Paul Greengrass,100000000
Marmaduke,87,2010-06-04 00:00:00,PG,33644788,Tom Dey,50000000
Devil,80,2010-09-17 00:00:00,PG-13,33601190,Drew DowdleJohn Erick Dowdle,
Hereafter,129,2010-10-15 00:00:00,PG-13,32746941,Clint Eastwood,50000000
When in Rome,91,2010-01-29 00:00:00,PG-13,32680633,Mark Steven Johnson,
Love and Other Drugs,113,2010-11-24 00:00:00,R,32367005,Edward Zwick,30000000
She's Out of My League,104,2010-03-12 00:00:00,R,32010860,Jim Field Smith,20000000
Scott Pilgrim vs. the World,113,2010-08-13 00:00:00,PG-13,31524275,Edgar Wright,60000000
Charlie St. Cloud,90,2010-07-30 00:00:00,PG-13,31162545,Burr Steers,44000000
Morning Glory,102,2010-11-10 00:00:00,PG-13,31011732,Roger Michell,40000000
How Do You Know,116,2010-12-17 00:00:00,PG-13,30212620,James L. Brooks,120000000
Daybreakers,98,2010-01-08 00:00:00,R,30101577,,20000000
Nanny McPhee Returns,100,2010-08-20 00:00:00,PG,29011215,Susanna White,35000000
The Switch,100,2010-08-20 00:00:00,PG-13,27779426,Josh GordonWill Speck,19000000
Brooklyn's Finest,133,2010-03-05 00:00:00,R,27163593,Antoine Fuqua,17000000
Machete,105,2010-09-03 00:00:00,R,26593646,Ethan ManiquisRobert Rodriguez,10500000
Harry Potter and the Deathly Hallows Part 2,130,2011-07-15 00:00:00,PG-13,381011219,David Yates,
Transformers: Dark of the Moon,154,2011-06-29 00:00:00,PG-13,352390543,Michael Bay,195000000
The Twilight Saga: Breaking Dawn Part 1,108,2011-11-18 00:00:00,PG-13,281287133,Bill Condon,110000000
The Hangover Part II,102,2011-05-26 00:00:00,R,254464305,Todd Phillips,80000000
Pirates of the Caribbean: On Stranger Tides,137,2011-05-20 00:00:00,PG-13,241071802,Rob Marshall,250000000
Fast Five,130,2011-04-29 00:00:00,PG-13,209837675,Justin Lin,125000000
Mission: Impossible - Ghost Protocol,132,2011-12-16 00:00:00,PG-13,209397903,Brad Bird,145000000
Cars 2,113,2011-06-24 00:00:00,G,191452396,John LasseterBrad Lewis (co-director),200000000
Sherlock Holmes: A Game of Shadows,128,2011-12-16 00:00:00,PG-13,186848418,Guy Ritchie,
Thor,115,2011-05-06 00:00:00,PG-13,181030624,Kenneth Branagh,150000000
Rise of the Planet of the Apes,110,2011-08-05 00:00:00,PG-13,176760185,Rupert Wyatt,93000000
Captain America: The First Avenger,125,2011-07-22 00:00:00,PG-13,176654505,Joe Johnston,140000000
The Help,137,2011-08-10 00:00:00,PG-13,169708112,Tate Taylor,25000000
Bridesmaids,125,2011-05-13 00:00:00,R,169106725,Paul Feig,32500000
Kung Fu Panda 2,91,2011-05-26 00:00:00,PG,165249063,Jennifer Yuh Nelson,150000000
Puss in Boots,90,2011-10-28 00:00:00,PG,149260504,Chris Miller,130000000
X-Men: First Class,131,2011-06-03 00:00:00,PG-13,146408305,Matthew Vaughn,160000000
Rio,96,2011-04-15 00:00:00,G,143619809,Carlos Saldanha,90000000
The Smurfs,86,2011-07-29 00:00:00,PG,142614158,Raja Gosnell,110000000
Alvin and the Chipmunks: Chipwrecked,87,2011-12-16 00:00:00,G,133110742,Mike Mitchell,75000000
Super 8,112,2011-06-10 00:00:00,PG-13,127004179,J.J. Abrams,50000000
Rango,107,2011-03-04 00:00:00,PG,123477607,Gore Verbinski,135000000
Horrible Bosses,100,2011-07-08 00:00:00,R,117538559,Seth Gordon,35000000
Green Lantern,105,2011-06-17 00:00:00,PG-13,116601172,Martin Campbell,200000000
Hop,90,2011-04-01 00:00:00,PG,108085305,Tim Hill,63000000
Paranormal Activity 3,81,2011-10-21 00:00:00,R,104028807,Henry JoostAriel Schulman,5000000
Just Go With It,110,2011-02-11 00:00:00,PG-13,103028109,Dennis Dugan,80000000
The Girl with the Dragon Tattoo,160,2011-12-21 00:00:00,R,102515793,David Fincher,90000000
Bad Teacher,89,2011-06-24 00:00:00,R,100292856,Jake Kasdan,20000000
Cowboys & Aliens,118,2011-07-29 00:00:00,PG-13,100240551,Jon Favreau,163000000
Gnomeo and Juliet,84,2011-02-11 00:00:00,G,99967670,Kelly Asbury,
The Green Hornet,108,2011-01-14 00:00:00,PG-13,98780042,Michel Gondry,120000000
The Lion King,89,2011-09-16 00:00:00,G,94242001,,
The Muppets,120,2011-11-23 00:00:00,PG,88631237,James Bobin,45000000
Real Steel,127,2011-10-07 00:00:00,PG-13,85468508,Shawn Levy,
"Crazy, Stupid, Love.",107,2011-07-29 00:00:00,PG-13,84351197,Glenn FicarraJohn Requa,50000000
Battle: Los Angeles,116,2011-03-11 00:00:00,PG-13,83552429,Jonathan Liebesman,70000000
Immortals,110,2011-11-11 00:00:00,R,83504017,Tarsem,75000000
The Descendants,115,2011-11-16 00:00:00,R,82584160,Alexander Payne,
Zookeeper,104,2011-07-08 00:00:00,PG,80360843,Frank Coraci,80000000
War Horse,146,2011-12-25 00:00:00,PG-13,79884879,Steven Spielberg,66000000
Limitless,105,2011-03-18 00:00:00,PG-13,79249455,Neil Burger,27000000
Tower Heist,104,2011-11-04 00:00:00,PG-13,78046570,Brett Ratner,75000000
The Adventures of Tintin,101,2011-12-21 00:00:00,PG,77591831,Steven Spielberg,
Contagion,105,2011-09-09 00:00:00,PG-13,75658097,Steven Soderbergh,60000000
We Bought a Zoo,124,2011-12-23 00:00:00,PG,75624550,Cameron Crowe,
Moneyball,126,2011-09-23 00:00:00,PG-13,75605492,Bennett Miller,50000000
Jack and Jill,91,2011-11-11 00:00:00,PG,74158157,Dennis Dugan,79000000
Hugo,127,2011-11-23 00:00:00,PG,73864507,Martin Scorsese,
Justin Bieber: Never Say Never,105,2011-02-11 00:00:00,G,73013910,Jon Chu,13000000
Dolphin Tale,112,2011-09-23 00:00:00,PG,72286779,Charles Martin Smith,37000000
No Strings Attached,110,2011-01-21 00:00:00,R,70662220,Ivan Reitman,25000000
Mr. Popper's Penguins,95,2011-06-17 00:00:00,PG,68224452,Mark S. Waters,55000000
Happy Feet Two,105,2011-11-18 00:00:00,PG,64006466,George Miller,
Unknown,109,2011-02-18 00:00:00,PG-13,63686397,Jaume Collet-Serra,30000000
The Adjustment Bureau,99,2011-03-04 00:00:00,PG-13,62495645,George Nolfi,50200000
Water for Elephants,120,2011-04-22 00:00:00,PG-13,58709717,Francis Lawrence,38000000
The Lincoln Lawyer,119,2011-03-18 00:00:00,R,58009200,Brad Furman,40000000
Midnight in Paris,88,2011-05-20 00:00:00,PG-13,56817045,Woody Allen,17000000
Friends with Benefits,120,2011-07-22 00:00:00,R,55802754,Will Gluck,35000000
I Am Number Four,104,2011-02-18 00:00:00,PG-13,55100437,D.J. Caruso,60000000
Source Code,94,2011-04-01 00:00:00,PG-13,54712227,Duncan Jones,32000000
New Year's Eve,117,2011-12-09 00:00:00,PG-13,54544638,Garry Marshall,56000000
Insidious,98,2011-04-01 00:00:00,PG-13,54009150,James Wan,1500000
Tyler Perry's Madea's Big Happy Family,105,2011-04-22 00:00:00,PG-13,53345287,Tyler Perry,
Diary of a Wimpy Kid: Rodrick Rules,96,2011-03-25 00:00:00,PG,52698535,David Bowers,21000000
Footloose,113,2011-10-14 00:00:00,PG-13,51802742,Craig Brewer,24000000
The Dilemma,118,2011-01-14 00:00:00,PG-13,48475290,Ron Howard,70000000
Arthur Christmas,97,2011-11-23 00:00:00,PG,46462469,Sarah Smith,
Hall Pass,98,2011-02-25 00:00:00,R,45060734,The Farrelly Bros.,36000000
The Artist,100,2011-11-25 00:00:00,PG-13,44671682,Michel Hazanavicius,15000000
Soul Surfer,105,2011-04-08 00:00:00,PG,43853424,Sean McNamara,18000000
Final Destination 5,95,2011-08-12 00:00:00,R,42587643,Steven Quale,40000000
The Ides of March,102,2011-10-07 00:00:00,R,40962534,George Clooney,
Hanna,111,2011-04-08 00:00:00,PG-13,40259119,Joe Wright,30000000
Something Borrowed,103,2011-05-06 00:00:00,PG-13,39046489,Luke Greenfield,35000000
Spy Kids: All the Time in the World,88,2011-08-19 00:00:00,PG,38538188,Robert Rodriguez,27000000
Scream 4,103,2011-04-15 00:00:00,R,38180928,Wes Craven,40000000
"Big Mommas: Like Father, Like Son",107,2011-02-18 00:00:00,PG-13,37915414,John Whitesell,32000000
Red Riding Hood,100,2011-03-11 00:00:00,PG-13,37662162,Catherine Hardwicke,42000000
In Time,109,2011-10-28 00:00:00,PG-13,37520095,Andrew Niccol,40000000
Paul,100,2011-03-18 00:00:00,R,37412945,Greg Mottola,40000000
J. Edgar,137,2011-11-09 00:00:00,R,37306030,Clint Eastwood,35000000
The Roommate,93,2011-02-04 00:00:00,PG-13,37300107,Christian E. Christiansen,16000000
Jumping the Broom,113,2011-05-06 00:00:00,PG-13,37295394,Salim Akil,6600000
The Change-Up,101,2011-08-05 00:00:00,R,37081475,David Dobkin,52000000
30 Minutes or Less,83,2011-08-12 00:00:00,R,37053924,Ruben Fleischer,28000000
Colombiana,107,2011-08-26 00:00:00,PG-13,36665854,Olivier Megaton,40000000
Sucker Punch,120,2011-03-25 00:00:00,PG-13,36392502,Zack Snyder,82000000
Larry Crowne,99,2011-07-01 00:00:00,PG-13,35608245,Tom Hanks,30000000
A Very Harold & Kumar 3D Christmas,89,2011-11-04 00:00:00,R,35061031,Todd Strauss-Schulson,19000000
Drive,103,2011-09-16 00:00:00,R,35060689,Nicolas Winding Refn,15000000
50/50,99,2011-09-30 00:00:00,R,35014192,Jonathan Levine,8000000
Courageous,130,2011-09-30 00:00:00,PG-13,34522221,Alex Kendrick,2000000
The Rite,112,2011-01-28 00:00:00,PG-13,33047633,Mikael Hafstrom,37000000
Arthur,110,2011-04-08 00:00:00,PG-13,33035397,Jason Winer,40000000
Extremely Loud & Incredibly Close,129,2011-12-25 00:00:00,PG-13,31847881,Stephen Daldry,
The Debt,113,2011-08-31 00:00:00,R,31177548,John Madden,20000000
The Sitter,100,2011-12-09 00:00:00,R,30441326,David Gordon Green,25000000
The Iron Lady,105,2011-12-30 00:00:00,PG-13,30017992,,
Marvel's The Avengers,142,2012-05-04 00:00:00,PG-13,623357910,Joss Whedon,220000000
The Dark Knight Rises,165,2012-07-20 00:00:00,PG-13,448139099,Christopher Nolan,250000000
The Hunger Games,142,2012-03-23 00:00:00,PG-13,408010692,Gary Ross,78000000
Skyfall,143,2012-11-09 00:00:00,PG-13,304360277,Sam Mendes,200000000
The Hobbit: An Unexpected Journey,166,2012-12-14 00:00:00,PG-13,303003568,Peter Jackson,
The Twilight Saga: Breaking Dawn Part 2,116,2012-11-16 00:00:00,PG-13,292324737,Bill Condon,120000000
The Amazing Spider-Man,136,2012-07-03 00:00:00,PG-13,262030663,Marc Webb,230000000
Brave,100,2012-06-22 00:00:00,PG,237283207,Mark AndrewsBrenda Chapman,185000000
Ted,106,2012-06-29 00:00:00,R,218815487,Seth MacFarlane,50000000
Madagascar 3: Europe's Most Wanted,93,2012-06-08 00:00:00,PG,216391482,Eric DarnellTom McGrathConrad Vernon,145000000
Dr. Seuss' The Lorax,95,2012-03-02 00:00:00,PG,214030500,Chris Renaud,70000000
Wreck-It Ralph,108,2012-11-02 00:00:00,PG,189422889,Rich Moore,165000000
Lincoln,145,2012-11-09 00:00:00,PG-13,182207973,Steven Spielberg,65000000
MIB 3,106,2012-05-25 00:00:00,PG-13,179020854,Barry Sonnenfeld,225000000
Django Unchained,165,2012-12-25 00:00:00,R,162805434,Quentin Tarantino,100000000
Ice Age: Continental Drift,94,2012-07-13 00:00:00,PG,161321843,,95000000
Snow White and the Huntsman,127,2012-06-01 00:00:00,PG-13,155332381,Rupert Sanders,170000000
Les Miserables,157,2012-12-25 00:00:00,PG-13,148809770,Tom Hooper,61000000
Hotel Transylvania,91,2012-09-28 00:00:00,PG,148313048,Genndy Tartakovsky,85000000
Taken 2,91,2012-10-05 00:00:00,PG-13,139854287,Olivier Megaton,45000000
21 Jump Street,109,2012-03-16 00:00:00,R,138447667,Phil LordChris Miller (II),42000000
Argo,120,2012-10-12 00:00:00,R,136025503,Ben Affleck,44500000
Silver Linings Playbook,122,2012-11-16 00:00:00,R,132092958,David O. Russell,21000000
Prometheus,124,2012-06-08 00:00:00,R,126477084,Ridley Scott,130000000
Safe House,117,2012-02-10 00:00:00,R,126373434,Daniel Espinosa,85000000
The Vow,104,2012-02-10 00:00:00,PG-13,125014030,Michael Sucsy,30000000
Life of Pi,126,2012-11-21 00:00:00,PG,124987023,Ang Lee,120000000
Magic Mike,110,2012-06-29 00:00:00,R,113721571,Steven Soderbergh,7000000
The Bourne Legacy,135,2012-08-10 00:00:00,PG-13,113203870,Tony Gilroy,125000000
Journey 2: The Mysterious Island,94,2012-02-10 00:00:00,PG,103860290,Brad Peyton,79000000
Rise of the Guardians,97,2012-11-21 00:00:00,PG,103412758,Peter Ramsey,145000000
Zero Dark Thirty,157,2012-12-19 00:00:00,R,95720716,Kathryn Bigelow,40000000
Flight,139,2012-11-02 00:00:00,R,93772375,Robert Zemeckis,31000000
Think Like a Man,122,2012-04-20 00:00:00,PG-13,91547205,Tim Story,12000000
The Campaign,97,2012-08-10 00:00:00,R,86907746,Jay Roach,
The Expendables 2,102,2012-08-17 00:00:00,R,85028192,Simon West,100000000
Wrath of the Titans,99,2012-03-30 00:00:00,PG-13,83670083,Jonathan Liebesman,150000000
Jack Reacher,130,2012-12-21 00:00:00,PG-13,80070736,Christopher McQuarrie,60000000
Dark Shadows,113,2012-05-11 00:00:00,PG-13,79727149,Tim Burton,150000000
Parental Guidance,104,2012-12-25 00:00:00,PG,77267296,Andy Fickman,25000000
John Carter,132,2012-03-09 00:00:00,PG-13,73078100,Andrew Stanton,250000000
Act of Valor,111,2012-02-24 00:00:00,R,70012847,Mike McCoyScott Waugh,12000000
This Is 40,133,2012-12-21 00:00:00,R,67544505,Judd Apatow,35000000
Contraband,110,2012-01-13 00:00:00,R,66528000,Baltasar Kormakur,25000000
Looper,118,2012-09-28 00:00:00,R,66486205,Rian Johnson,30000000
Tyler Perry's Madea's Witness Protection,114,2012-06-29 00:00:00,PG-13,65653242,Tyler Perry,20000000
Battleship,131,2012-05-18 00:00:00,PG-13,65422625,Peter Berg,209000000
Pitch Perfect,112,2012-09-28 00:00:00,PG-13,65001093,Jason Moore,17000000
Mirror Mirror,106,2012-03-30 00:00:00,PG,64935167,Tarsem,85000000
Chronicle,83,2012-02-03 00:00:00,PG-13,64575175,Josh Trank,12000000
Hope Springs,121,2012-08-08 00:00:00,PG-13,63536011,David Frankel,
Underworld Awakening,88,2012-01-20 00:00:00,R,62321039,Mars MarlindBjorn Stein,70000000
The Lucky One,101,2012-04-20 00:00:00,PG-13,60457138,Scott Hicks,
The Dictator,83,2012-05-16 00:00:00,R,59650222,Larry Charles,65000000
Total Recall,121,2012-08-03 00:00:00,PG-13,58877969,Len Wiseman,125000000
Titanic 3D,194,2012-04-04 00:00:00,PG-13,57884114,,18000000
American Reunion,113,2012-04-06 00:00:00,R,57011521,Jon HurwitzHayden Schlossberg,50000000
ParaNorman,93,2012-08-17 00:00:00,PG,56003051,Chris ButlerSam Fell,60000000
This Means War,97,2012-02-17 00:00:00,PG-13,54760791,McG,65000000
Project X,88,2012-03-02 00:00:00,R,54731865,Nima Nourizadeh,
The Woman in Black,95,2012-02-03 00:00:00,PG-13,54333290,James Watkins,
Paranormal Activity 4,95,2012-10-19 00:00:00,R,53900335,Henry JoostAriel Schulman,5000000
The Devil Inside,87,2012-01-06 00:00:00,R,53261944,William Brent Bell,1000000
The Odd Life of Timothy Green,100,2012-08-15 00:00:00,PG,51854875,Peter Hedges,
Ghost Rider: Spirit of Vengeance,95,2012-02-17 00:00:00,PG-13,51774002,Mark NeveldineBrian Taylor,57000000
The Grey,117,2012-01-27 00:00:00,R,51580236,Joe Carnahan,25000000
Red Tails,120,2012-01-20 00:00:00,PG-13,49876377,Anthony Hemingway,58000000
The Possession,91,2012-08-31 00:00:00,PG-13,49130154,Ole Bornedal,14000000
Diary of a Wimpy Kid: Dog Days,94,2012-08-03 00:00:00,PG,49008662,David Bowers,22000000
Sinister,110,2012-10-12 00:00:00,R,48086903,Scott Derrickson,3000000
Beauty and the Beast,84,2012-01-13 00:00:00,G,47617067,,
Savages,130,2012-07-06 00:00:00,R,47382068,Oliver Stone,45000000
The Best Exotic Marigold Hotel,118,2012-05-04 00:00:00,PG-13,46412041,John Madden,10000000
Moonrise Kingdom,93,2012-05-25 00:00:00,PG-13,45512466,Wes Anderson,16000000
Here Comes the Boom,105,2012-10-12 00:00:00,PG,45290318,Frank Coraci,
Red Dawn,93,2012-11-21 00:00:00,PG-13,44806783,Dan Bradley,65000000
The Three Stooges,92,2012-04-13 00:00:00,PG,44338224,The Farrelly Bros.,30000000
Star Wars: Episode I - The Phantom Menace,133,2012-02-10 00:00:00,PG,43456382,,
Resident Evil: Retribution,95,2012-09-14 00:00:00,R,42345531,Paul W.S. Anderson,65000000
The Cabin in the Woods,95,2012-04-13 00:00:00,R,42073277,Drew Goddard,
What to Expect When You're Expecting,110,2012-05-18 00:00:00,PG-13,41152203,Kirk Jones,40000000
Finding Nemo,104,2012-09-14 00:00:00,G,41128283,,
End of Watch,109,2012-09-21 00:00:00,R,41003371,David Ayer,7000000
Rock of Ages,123,2012-06-15 00:00:00,PG-13,38518613,Adam Shankman,75000000
Abraham Lincoln: Vampire Hunter,105,2012-06-22 00:00:00,R,37519139,Timur Bekmambetov,69000000
Lawless,115,2012-08-29 00:00:00,R,37400127,John Hillcoat,
The Guilt Trip,95,2012-12-19 00:00:00,PG-13,37134215,Anne Fletcher,40000000
That's My Boy,114,2012-06-15 00:00:00,R,36931089,Sean Anders,70000000
Trouble with the Curve,111,2012-09-21 00:00:00,PG-13,35763137,Robert Lorenz,
The Watch,102,2012-07-27 00:00:00,R,35353000,Akiva Schaffer,68000000
Frankenweenie,87,2012-10-05 00:00:00,PG,35291068,Tim Burton,39000000
Step Up Revolution,100,2012-07-27 00:00:00,PG-13,35074677,Scott Speer,33000000
Tyler Perry's Good Deeds,129,2012-02-24 00:00:00,PG-13,35025791,Tyler Perry,
"Monsters, Inc.",90,2012-12-19 00:00:00,G,34043006,,
2016 Obama's America,89,2012-07-13 00:00:00,PG,33449086,Dinesh D'SouzaJohn Sullivan,
House at the End of The Street,101,2012-09-21 00:00:00,PG-13,31611916,Mark Tonderai,10000000
The Pirates! Band of Misfits,88,2012-04-27 00:00:00,PG,31051126,Peter Lord,55000000
Joyful Noise,118,2012-01-13 00:00:00,PG-13,30932113,Todd Graff,
Chimpanzee,78,2012-04-20 00:00:00,G,28972764,,
The Five-Year Engagement,124,2012-04-27 00:00:00,R,28835528,Nick Stoller,30000000
The Hunger Games: Catching Fire,146,2013-11-22 00:00:00,PG-13,424668047,Francis Lawrence,130000000
Iron Man 3,129,2013-05-03 00:00:00,PG-13,409013994,Shane Black,200000000
Frozen,108,2013-11-22 00:00:00,PG,400738009,Chris BuckJennifer Lee,150000000
Despicable Me 2,98,2013-07-03 00:00:00,PG,368061265,Pierre CoffinChris Renaud,76000000
Man of Steel,143,2013-06-14 00:00:00,PG-13,291045518,Zack Snyder,225000000
Gravity,91,2013-10-04 00:00:00,PG-13,274092705,Alfonso Cuaron,100000000
Monsters University,107,2013-06-21 00:00:00,G,268492764,Dan Scanlon,
The Hobbit: The Desolation of Smaug,161,2013-12-13 00:00:00,PG-13,258366855,Peter Jackson,
Fast & Furious 6,130,2013-05-24 00:00:00,PG-13,238679850,Justin Lin,160000000
Oz The Great and Powerful,127,2013-03-08 00:00:00,PG,234911825,Sam Raimi,215000000
Star Trek Into Darkness,123,2013-05-16 00:00:00,PG-13,228778661,J.J. Abrams,190000000
Thor: The Dark World,120,2013-11-08 00:00:00,PG-13,206362140,Alan Taylor,170000000
World War Z,116,2013-06-21 00:00:00,PG-13,202359711,Marc Forster,190000000
The Croods,98,2013-03-22 00:00:00,PG,187168425,Kirk De MiccoChris Sanders,135000000
The Heat,117,2013-06-28 00:00:00,R,159582188,Paul Feig,43000000
We're the Millers,110,2013-08-07 00:00:00,R,150394119,Rawson Marshall Thurber,37000000
American Hustle,138,2013-12-13 00:00:00,R,150117807,David O. Russell,40000000
The Great Gatsby,143,2013-05-10 00:00:00,PG-13,144840419,Baz Luhrmann,105000000
The Conjuring,112,2013-07-19 00:00:00,R,137400141,James Wan,20000000
Identity Thief,111,2013-02-08 00:00:00,R,134506920,Seth Gordon,35000000
Grown Ups 2,101,2013-07-12 00:00:00,PG-13,133668525,Dennis Dugan,80000000
The Wolverine,126,2013-07-26 00:00:00,PG-13,132556852,James Mangold,120000000
Anchorman 2: The Legend Continues,119,2013-12-18 00:00:00,PG-13,125168368,Adam McKay,50000000
Lone Survivor,121,2013-12-25 00:00:00,R,125095601,Peter Berg,40000000
G.I. Joe: Retaliation,99,2013-03-28 00:00:00,PG-13,122523060,Jon Chu,130000000
Cloudy with a Chance of Meatballs 2,95,2013-09-27 00:00:00,PG,119793567,,78000000
Now You See Me,116,2013-05-31 00:00:00,PG-13,117723989,Louis Leterrier,75000000
The Wolf of Wall Street,180,2013-12-25 00:00:00,R,116900694,Martin Scorsese,100000000
Lee Daniels' The Butler,132,2013-08-16 00:00:00,PG-13,116632095,Lee Daniels,30000000
The Hangover Part III,100,2013-05-23 00:00:00,R,112200072,Todd Phillips,103000000
Epic,102,2013-05-24 00:00:00,PG,107518682,Chris Wedge,100000000
Captain Phillips,134,2013-10-11 00:00:00,PG-13,107100855,Paul Greengrass,55000000
Jackass Presents: Bad Grandpa,93,2013-10-25 00:00:00,R,102003019,Jeff Tremaine,15000000
Pacific Rim,131,2013-07-12 00:00:00,PG-13,101802906,Guillermo del Toro,190000000
This is the End,107,2013-06-12 00:00:00,R,101470202,Evan GoldbergSeth Rogen,32000000
Olympus Has Fallen,120,2013-03-22 00:00:00,R,98925640,Antoine Fuqua,70000000
42,128,2013-04-12 00:00:00,PG-13,95020213,Brian Helgeland,40000000
Elysium,109,2013-08-09 00:00:00,R,93050117,Neill Blomkamp,115000000
Planes,92,2013-08-09 00:00:00,PG,90288712,Klay Hall,50000000
The Lone Ranger,149,2013-07-03 00:00:00,PG-13,89302115,Gore Verbinski,215000000
Oblivion,125,2013-04-19 00:00:00,PG-13,89107235,Joseph Kosinski,120000000
Insidious Chapter 2,105,2013-09-13 00:00:00,PG-13,83586447,James Wan,5000000
Saving Mr. Banks,120,2013-12-13 00:00:00,PG-13,83301580,John Lee Hancock,35000000
Turbo,96,2013-07-17 00:00:00,PG,83028128,David Soren,135000000
2 Guns,109,2013-08-02 00:00:00,R,75612460,Baltasar Kormakur,61000000
White House Down,137,2013-06-28 00:00:00,PG-13,73103784,Roland Emmerich,150000000
Mama,100,2013-01-18 00:00:00,PG-13,71628180,Andres Muschietti,15000000
Safe Haven,115,2013-02-14 00:00:00,PG-13,71349120,Lasse Hallstrom,28000000
The Smurfs 2,105,2013-07-31 00:00:00,PG,71017784,Raja Gosnell,105000000
The Best Man Holiday,122,2013-11-15 00:00:00,R,70525195,Malcolm D. Lee,17000000
Percy Jackson: Sea of Monsters,106,2013-08-07 00:00:00,PG,68559554,Thor Freudenthal,90000000
A Good Day to Die Hard,97,2013-02-14 00:00:00,R,67349198,John Moore,92000000
Warm Bodies,97,2013-02-01 00:00:00,PG-13,66380662,Jonathan Levine,35000000
Jack the Giant Slayer,114,2013-03-01 00:00:00,PG-13,65187603,Bryan Singer,195000000
The Purge,85,2013-06-07 00:00:00,R,64473115,James DeMonaco,3000000
Last Vegas,90,2013-11-01 00:00:00,PG-13,63914167,Jon Turteltaub,28000000
Ender's Game,114,2013-11-01 00:00:00,PG-13,61737191,Gavin Hood,110000000
Prisoners,146,2013-09-20 00:00:00,R,61002302,Denis Villeneuve,46000000
After Earth,100,2013-05-31 00:00:00,PG-13,60522097,M. Night Shyamalan,130000000
The Secret Life of Walter Mitty,114,2013-12-25 00:00:00,PG,58236838,Ben Stiller,90000000
Escape From Planet Earth,89,2013-02-15 00:00:00,PG,57012977,Cal Brunker,40000000
12 Years a Slave,133,2013-10-18 00:00:00,R,56671993,Steve McQueen (II),20000000
Free Birds,90,2013-11-01 00:00:00,PG,55750480,Jimmy Hayward,55000000
Hansel and Gretel: Witch Hunters,88,2013-01-25 00:00:00,R,55703475,Tommy Wirkola,50000000
Evil Dead,91,2013-04-05 00:00:00,R,54239856,Fede Alvarez,17000000
Red 2,116,2013-07-19 00:00:00,PG-13,53262560,Dean Parisot,84000000
Tyler Perry's A Madea Christmas,105,2013-12-13 00:00:00,PG-13,52543354,Tyler Perry,
Tyler Perry's Temptation: Confessions of a Marriage Counselor,111,2013-03-29 00:00:00,PG-13,51975354,Tyler Perry,
The Call,95,2013-03-15 00:00:00,R,51872378,Brad Anderson,13000000
Pain and Gain,129,2013-04-26 00:00:00,R,49875291,Michael Bay,26000000
Gangster Squad,113,2013-01-11 00:00:00,R,46000903,Ruben Fleischer,60000000
Jurassic Park 3D,127,2013-04-05 00:00:00,PG-13,45385935,,10000000
The Internship,119,2013-06-07 00:00:00,PG-13,44672764,Shawn Levy,58000000
Instructions Not Included,115,2013-08-30 00:00:00,PG-13,44467206,,
Snitch,112,2013-02-22 00:00:00,PG-13,42930462,Ric Roman Waugh,
Riddick,119,2013-09-06 00:00:00,R,42025135,David Twohy,38000000
A Haunted House,80,2013-01-11 00:00:00,R,40041683,Michael Tiddes,2500000
47 Ronin,127,2013-12-25 00:00:00,PG-13,38362475,Carl Rinsch,175000000
August: Osage County,130,2013-12-27 00:00:00,R,37738810,John Wells,
Philomena,95,2013-11-22 00:00:00,PG-13,37709979,Stephen Frears,12000000
The Family,112,2013-09-13 00:00:00,R,36918811,Luc Besson,30000000
Walking with Dinosaurs,87,2013-12-20 00:00:00,PG,36076121,Barry CookNeil Nightingale,80000000
Carrie,92,2013-10-18 00:00:00,R,35266619,Kimberly Peirce,30000000
Texas Chainsaw 3D,92,2013-01-04 00:00:00,R,34341945,John Luessenhop,
R.I.P.D.,96,2013-07-19 00:00:00,PG-13,33618855,Robert Schwentke,130000000
Blue Jasmine,98,2013-07-26 00:00:00,PG-13,33405481,Woody Allen,
Kevin Hart: Let Me Explain,75,2013-07-03 00:00:00,R,32244051,,
Side Effects,106,2013-02-08 00:00:00,R,32172757,Steven Soderbergh,
Scary Movie 5,85,2013-04-12 00:00:00,PG-13,32015787,Malcolm D. Lee,20000000
The Mortal Instruments: City of Bones,120,2013-08-21 00:00:00,PG-13,31165421,Harald Zwart,60000000
Delivery Man,105,2013-11-22 00:00:00,PG-13,30664106,Ken Scott,26000000
Grudge Match,113,2013-12-25 00:00:00,PG-13,29807260,Peter Segal,40000000
One Direction: This is Us,92,2013-08-30 00:00:00,PG,28873374,Morgan Spurlock,10000000
Kick-Ass 2,103,2013-08-16 00:00:00,R,28795985,Jeff Wadlow,28000000
Dallas Buyers Club,117,2013-11-01 00:00:00,R,27298285,Jean-Marc Vallee,5000000
Rush,123,2013-09-20 00:00:00,R,26947624,Ron Howard,38000000
The Host,125,2013-03-29 00:00:00,PG-13,26627201,Andrew Niccol,40000000
The World's End,109,2013-08-23 00:00:00,R,26004851,Edgar Wright,20000000
21 and Over,93,2013-03-01 00:00:00,R,25682380,Jon LucasScott Moore,13000000
Her,120,2013-12-18 00:00:00,R,25568251,Spike Jonze,23000000
